{
	"camera" : 
	{
		"center" : "37.05772 -5.65213 -1.00000",
		"eye" : "37.05772 -5.65213 0.00000",
		"up" : "0.00000 1.00000 0.00000"
	},
	"general" : 
	{
		"ambientcolor" : "0.00000 0.50196 0.50196",
		"bloom" : false,
		"bloomhdrfeather" : 0.1,
		"bloomhdriterations" : 8,
		"bloomhdrscatter" : 1.619,
		"bloomhdrstrength" : 2.0,
		"bloomhdrthreshold" : 1.0,
		"bloomstrength" : 2.0,
		"bloomthreshold" : 0.64999998,
		"bloomtint" : "1.00000 1.00000 1.00000",
		"camerafade" : true,
		"cameraparallax" : false,
		"cameraparallaxamount" : 0.5,
		"cameraparallaxdelay" : 0.1,
		"cameraparallaxmouseinfluence" : 0.5,
		"camerapreview" : true,
		"camerashake" : false,
		"camerashakeamplitude" : 0.5,
		"camerashakeroughness" : 1.0,
		"camerashakespeed" : 3.0,
		"clearcolor" : "0.00000 0.50196 0.50196",
		"clearenabled" : true,
		"farz" : 10000.0,
		"fov" : 50.0,
		"gravitydirection" : "0.00000 -1.00000 0.00000",
		"gravitystrength" : 1.0,
		"hdr" : false,
		"nearz" : 0.0099999998,
		"orthogonalprojection" : 
		{
			"height" : 1080,
			"width" : 1920
		},
		"perspectiveoverridefov" : 90.0,
		"skylightcolor" : "0.30000 0.30000 0.30000",
		"winddirection" : "0.70700 0.70700 0.00000",
		"windenabled" : false,
		"windstrength" : 1.0,
		"zoom" : 1.0
	},
	"objects" : 
	[
		{
			"castshadow" : false,
			"clampuvs" : true,
			"disablepropagation" : false,
			"id" : 15,
			"image" : "models/solid_instance_model_99c5a772.json",
			"instance" : 
			{
				"combos" : 
				{
					"version" : 2
				},
				"id" : 16,
				"textures" : [ "util/white" ],
				"usertextures" : 
				[
					{
						"name" : "shortcut1",
						"type" : "usershortcut"
					}
				]
			},
			"name" : "User Shortcut #1",
			"origin" : "180.00000 850.00000 0.00000",
			"size" : "180.00000 180.00000",
			"visible" : 
			{
				"script" : "'use strict';\n\n/**\n * @param {Object} changedUserProperties - only includes user properties that were recently changed!\n */\nexport function applyUserProperties(changedUserProperties) {\n\t// Hide layer while user property is unbound\n\tif (changedUserProperties.hasOwnProperty('shortcut1')) {\n\t\tif (changedUserProperties.shortcut1.isbound) {\n\t\t\tthisLayer.visible = true;\n\t\t\tthisScene.getLayer(\"shortcut1_label\").text = changedUserProperties.shortcut1.file;\n\t\t} else {\n\t\t\tthisLayer.visible = false;\n\t\t\tthisScene.getLayer(\"shortcut1_label\").text = \"\";\n\t\t}\n\t}\n}\n\n/**\n * @param {CursorEvent} event\n */\nexport function cursorClick(event) {\n\t// you can run a *single* command in one click/up/down CursorEvent, other events are blocked\n\tengine.openUserShortcut(\"shortcut1\");\n}\n",
				"value" : true
			}
		},
		{
			"castshadow" : false,
			"clampuvs" : true,
			"disablepropagation" : false,
			"id" : 29,
			"image" : "models/solid_instance_model_99c5a772.json",
			"instance" : 
			{
				"combos" : 
				{
					"version" : 2
				},
				"id" : 30,
				"textures" : [ "util/white" ],
				"usertextures" : 
				[
					{
						"name" : "shortcut2",
						"type" : "usershortcut"
					}
				]
			},
			"name" : "User Shortcut #2",
			"origin" : "180.00000 650.00000 0.00000",
			"size" : "180.00000 180.00000",
			"visible" : 
			{
				"script" : "'use strict';\n\n/**\n * @param {Object} changedUserProperties - only includes user properties that were recently changed!\n */\nexport function applyUserProperties(changedUserProperties) {\n\t// Hide layer while user property is unbound\n\tif (changedUserProperties.hasOwnProperty('shortcut2')) {\n\t\tif (changedUserProperties.shortcut2.isbound) {\n\t\t\tthisLayer.visible = true;\n\t\t\tthisScene.getLayer(\"shortcut2_label\").text = changedUserProperties.shortcut2.file;\n\t\t} else {\n\t\t\tthisLayer.visible = false;\n\t\t\tthisScene.getLayer(\"shortcut2_label\").text = \"\";\n\t\t}\n\t}\n}\n\n/**\n * @param {CursorEvent} event\n */\nexport function cursorClick(event) {\n\t// you can run a *single* command in one click/up/down CursorEvent, other events are blocked\n\tengine.openUserShortcut(\"shortcut2\");\n}\n",
				"value" : true
			}
		},
		{
			"castshadow" : false,
			"clampuvs" : true,
			"disablepropagation" : false,
			"id" : 32,
			"image" : "models/solid_instance_model_99c5a772.json",
			"instance" : 
			{
				"combos" : 
				{
					"version" : 2
				},
				"id" : 33,
				"textures" : [ "util/white" ],
				"usertextures" : 
				[
					{
						"name" : "shortcut3",
						"type" : "usershortcut"
					}
				]
			},
			"name" : "User Shortcut #3",
			"origin" : "180.00000 450.00000 0.00000",
			"size" : "180.00000 180.00000",
			"visible" : 
			{
				"script" : "'use strict';\n\n/**\n * @param {Object} changedUserProperties - only includes user properties that were recently changed!\n */\nexport function applyUserProperties(changedUserProperties) {\n\t// Hide layer while user property is unbound\n\tif (changedUserProperties.hasOwnProperty('shortcut3')) {\n\t\tif (changedUserProperties.shortcut3.isbound) {\n\t\t\tthisLayer.visible = true;\n\t\t\tthisScene.getLayer(\"shortcut3_label\").text = changedUserProperties.shortcut3.file;\n\t\t} else {\n\t\t\tthisLayer.visible = false;\n\t\t\tthisScene.getLayer(\"shortcut3_label\").text = \"\";\n\t\t}\n\t}\n}\n\n/**\n * @param {CursorEvent} event\n */\nexport function cursorClick(event) {\n\t// you can run a *single* command in one click/up/down CursorEvent, other events are blocked\n\tengine.openUserShortcut(\"shortcut3\");\n}\n",
				"value" : true
			}
		},
		{
			"castshadow" : false,
			"clampuvs" : true,
			"disablepropagation" : false,
			"id" : 35,
			"image" : "models/solid_instance_model_99c5a772.json",
			"instance" : 
			{
				"combos" : 
				{
					"version" : 2
				},
				"id" : 36,
				"textures" : [ "util/white" ],
				"usertextures" : 
				[
					{
						"name" : "shortcut4",
						"type" : "usershortcut"
					}
				]
			},
			"name" : "User Shortcut #4",
			"origin" : "180.00000 250.00000 0.00000",
			"size" : "180.00000 180.00000",
			"visible" : 
			{
				"script" : "'use strict';\n\n/**\n * @param {Object} changedUserProperties - only includes user properties that were recently changed!\n */\nexport function applyUserProperties(changedUserProperties) {\n\t// Hide layer while user property is unbound\n\tif (changedUserProperties.hasOwnProperty('shortcut4')) {\n\t\tif (changedUserProperties.shortcut4.isbound) {\n\t\t\tthisLayer.visible = true;\n\t\t\tthisScene.getLayer(\"shortcut4_label\").text = changedUserProperties.shortcut4.file;\n\t\t} else {\n\t\t\tthisLayer.visible = false;\n\t\t\tthisScene.getLayer(\"shortcut4_label\").text = \"\";\n\t\t}\n\t}\n}\n\n/**\n * @param {CursorEvent} event\n */\nexport function cursorClick(event) {\n\t// you can run a *single* command in one click/up/down CursorEvent, other events are blocked\n\tengine.openUserShortcut(\"shortcut4\");\n}\n",
				"value" : true
			}
		},
		{
			"anchor" : "none",
			"backgroundbrightness" : 1.0,
			"backgroundcolor" : "0.00000 0.00000 0.00000",
			"blockalign" : false,
			"castshadow" : false,
			"clampuvs" : true,
			"depthtest" : "enabled",
			"disablepropagation" : false,
			"font" : "fonts/8bitOperatorPlus8-Regular.ttf",
			"horizontalalign" : "left",
			"id" : 28,
			"limitrows" : false,
			"limituseellipsis" : false,
			"limitwidth" : true,
			"maxrows" : 1,
			"maxwidth" : 1600.0,
			"name" : "shortcut1_label",
			"opaquebackground" : false,
			"origin" : "280.00000 800.00000 0.00000",
			"padding" : 32,
			"pointsize" : 20.0,
			"size" : "507.00000 96.00000",
			"text" : "Shortcut #1",
			"verticalalign" : "bottom"
		},
		{
			"anchor" : "none",
			"backgroundbrightness" : 1.0,
			"backgroundcolor" : "0.00000 0.00000 0.00000",
			"blockalign" : false,
			"castshadow" : false,
			"clampuvs" : true,
			"depthtest" : "enabled",
			"disablepropagation" : false,
			"font" : "fonts/8bitOperatorPlus8-Regular.ttf",
			"horizontalalign" : "left",
			"id" : 39,
			"limitrows" : false,
			"limituseellipsis" : false,
			"limitwidth" : false,
			"maxrows" : 1,
			"maxwidth" : 1600.0,
			"name" : "shortcut2_label",
			"opaquebackground" : false,
			"origin" : "280.00000 600.00000 0.00000",
			"padding" : 32,
			"pointsize" : 20.0,
			"size" : "521.00000 96.00000",
			"text" : "Shortcut #2",
			"verticalalign" : "bottom"
		},
		{
			"anchor" : "none",
			"backgroundbrightness" : 1.0,
			"backgroundcolor" : "0.00000 0.00000 0.00000",
			"blockalign" : false,
			"castshadow" : false,
			"clampuvs" : true,
			"depthtest" : "enabled",
			"disablepropagation" : false,
			"font" : "fonts/8bitOperatorPlus8-Regular.ttf",
			"horizontalalign" : "left",
			"id" : 41,
			"limitrows" : false,
			"limituseellipsis" : false,
			"limitwidth" : true,
			"maxrows" : 1,
			"maxwidth" : 1600.0,
			"name" : "shortcut3_label",
			"opaquebackground" : false,
			"origin" : "280.00000 400.00000 0.00000",
			"padding" : 32,
			"pointsize" : 20.0,
			"size" : "521.00000 96.00000",
			"text" : "Shortcut #3",
			"verticalalign" : "bottom"
		},
		{
			"anchor" : "none",
			"backgroundbrightness" : 1.0,
			"backgroundcolor" : "0.00000 0.00000 0.00000",
			"blockalign" : false,
			"castshadow" : false,
			"clampuvs" : true,
			"depthtest" : "enabled",
			"disablepropagation" : false,
			"font" : "fonts/8bitOperatorPlus8-Regular.ttf",
			"horizontalalign" : "left",
			"id" : 43,
			"limitrows" : false,
			"limituseellipsis" : false,
			"limitwidth" : true,
			"maxrows" : 1,
			"maxwidth" : 1600.0,
			"name" : "shortcut4_label",
			"opaquebackground" : false,
			"origin" : "280.00000 200.00000 0.00000",
			"padding" : 32,
			"pointsize" : 20.0,
			"size" : "521.00000 96.00000",
			"text" : "Shortcut #4",
			"verticalalign" : "bottom"
		}
	],
	"version" : 5
}