{
	"camera" : 
	{
		"center" : "0.00000 0.00000 -1.00000",
		"eye" : "0.00000 0.00000 0.00000",
		"up" : "0.00000 1.00000 0.00000"
	},
	"general" : 
	{
		"ambientcolor" : "0.30000 0.30000 0.30000",
		"bloom" : false,
		"bloomhdrfeather" : 0.10000000149011612,
		"bloomhdrscatter" : 1.6189999580383301,
		"bloomhdrstrength" : 2.0,
		"bloomhdrthreshold" : 1.0,
		"bloomstrength" : 2.0,
		"bloomthreshold" : 0.64999997615814209,
		"camerafade" : true,
		"cameraparallax" : false,
		"cameraparallaxamount" : 0.5,
		"cameraparallaxdelay" : 0.10000000149011612,
		"cameraparallaxmouseinfluence" : 0.0,
		"camerapreview" : true,
		"camerashake" : false,
		"camerashakeamplitude" : 0.5,
		"camerashakeroughness" : 1.0,
		"camerashakespeed" : 3.0,
		"clearcolor" : "0.70000 0.70000 0.70000",
		"clearenabled" : true,
		"farz" : 10000.0,
		"fov" : 50.0,
		"hdr" : false,
		"nearz" : 0.0099999997764825821,
		"orthogonalprojection" : 
		{
			"height" : 1080,
			"width" : 1920
		},
		"skylightcolor" : "0.30000 0.30000 0.30000",
		"zoom" : 1.0
	},
	"objects" : 
	[
		{
			"alignment" : "center",
			"alpha" : 1.0,
			"angles" : "0.00000 0.00000 0.00000",
			"brightness" : 1.0,
			"color" : "1.00000 1.00000 1.00000",
			"colorBlendMode" : 0,
			"copybackground" : true,
			"id" : 31,
			"image" : "models/jelly_simple.json",
			"ledsource" : false,
			"locktransforms" : false,
			"name" : "jelly_simple",
			"origin" : "960.00000 540.00000 0.00000",
			"parallaxDepth" : "1.00000 1.00000",
			"perspective" : false,
			"scale" : "1.00000 1.00000 1.00000",
			"size" : "512.00000 512.00000",
			"solid" : true,
			"visible" : 
			{
				"script" : "'use strict';\n\nconst DRAG_MAX_DISTANCE = 100;\nvar activeDragBone = -1;\nvar dragDelta;\nvar dragStart;\n\n/**\n * @param {Boolean} value - for property 'visible'\n * @return {Boolean} - update current property value\n */\nexport function update(value) {\n\tif (activeDragBone >= 0) {\n\t\tvar drag = input.cursorWorldPosition.subtract(dragStart);\n\t\tvar dragDist = drag.length();\n\t\tdrag = drag.divide(dragDist);\n\t\tdrag = dragStart.add(drag.multiply(Math.min(DRAG_MAX_DISTANCE, dragDist)));\n\t\tthisLayer.setBoneTransform(activeDragBone, thisLayer.getBoneTransform(activeDragBone).translation(drag.add(dragDelta)));\n\t}\n}\n\n/**\n * @param {ICursorEvent} event\n */\nexport function cursorDown(event) {\n\tvar bonePos = thisLayer.getBoneTransform(1).translation();\n\tvar delta = bonePos.copy().subtract(input.cursorWorldPosition);\n\tvar len = delta.length();\n\tif (len < DRAG_MAX_DISTANCE) {\n\t\tdragStart = bonePos;\n\t\tdragDelta = delta;\n\t\tactiveDragBone = 1;\n\t}\n}\n\n/**\n * @param {ICursorEvent} event\n */\nexport function cursorUp(event) {\n\tactiveDragBone = -1;\n}\n",
				"value" : true
			}
		}
	],
	"version" : 0
}