{
	"camera" : 
	{
		"center" : "0.00000 0.00000 -1.00000",
		"eye" : "0.00000 0.00000 0.00000",
		"up" : "0.00000 1.00000 0.00000"
	},
	"general" : 
	{
		"ambientcolor" : "0.30000 0.30000 0.30000",
		"bloom" : false,
		"bloomhdrfeather" : 0.10000000149011612,
		"bloomhdrscatter" : 1.6189999580383301,
		"bloomhdrstrength" : 2.0,
		"bloomhdrthreshold" : 1.0,
		"bloomstrength" : 2.0,
		"bloomthreshold" : 0.64999997615814209,
		"camerafade" : true,
		"cameraparallax" : false,
		"cameraparallaxamount" : 0.5,
		"cameraparallaxdelay" : 0.10000000149011612,
		"cameraparallaxmouseinfluence" : 0.0,
		"camerapreview" : true,
		"camerashake" : false,
		"camerashakeamplitude" : 0.5,
		"camerashakeroughness" : 1.0,
		"camerashakespeed" : 3.0,
		"clearcolor" : "0.70000 0.70000 0.70000",
		"clearenabled" : true,
		"farz" : 10000.0,
		"fov" : 50.0,
		"hdr" : false,
		"nearz" : 0.0099999997764825821,
		"orthogonalprojection" : 
		{
			"height" : 1080,
			"width" : 1920
		},
		"skylightcolor" : "0.30000 0.30000 0.30000",
		"zoom" : 1.0
	},
	"objects" : 
	[
		{
			"alignment" : "center",
			"alpha" : 1.0,
			"angles" : "0.00000 0.00000 0.00000",
			"brightness" : 1.0,
			"color" : "1.00000 1.00000 1.00000",
			"colorBlendMode" : 0,
			"copybackground" : true,
			"id" : 13,
			"image" : "models/jelly_bg.json",
			"ledsource" : false,
			"locktransforms" : false,
			"name" : "jelly_bg",
			"origin" : "960.00000 540.00000 0.00000",
			"parallaxDepth" : "1.00000 1.00000",
			"perspective" : false,
			"scale" : "1.00000 1.00000 1.00000",
			"size" : "963.00000 770.00000",
			"solid" : true,
			"visible" : true
		},
		{
			"alignment" : "center",
			"alpha" : 1.0,
			"angles" : "0.00000 0.00000 0.00000",
			"brightness" : 1.0,
			"color" : "1.00000 1.00000 1.00000",
			"colorBlendMode" : 0,
			"copybackground" : true,
			"id" : 28,
			"image" : "models/jelly_sheet_001.json",
			"ledsource" : false,
			"locktransforms" : false,
			"name" : "jelly_sheet_001",
			"origin" : "960.00000 540.00000 0.00000",
			"parallaxDepth" : "1.00000 1.00000",
			"perspective" : false,
			"scale" : 
			{
				"animation" : 
				{
					"c0" : 
					[
						{
							"back" : 
							{
								"enabled" : true,
								"x" : -1,
								"y" : 0
							},
							"frame" : 0,
							"front" : 
							{
								"enabled" : true,
								"x" : 1,
								"y" : 0
							},
							"lockangle" : true,
							"locklength" : true,
							"value" : 0
						},
						{
							"back" : 
							{
								"enabled" : true,
								"x" : -1,
								"y" : 0
							},
							"frame" : 10,
							"front" : 
							{
								"enabled" : true,
								"x" : 1,
								"y" : 0
							},
							"lockangle" : true,
							"locklength" : true,
							"value" : -0.10524
						},
						{
							"back" : 
							{
								"enabled" : true,
								"x" : -1,
								"y" : 0
							},
							"frame" : 30,
							"front" : 
							{
								"enabled" : true,
								"x" : 1,
								"y" : 0
							},
							"lockangle" : true,
							"locklength" : true,
							"value" : 0
						}
					],
					"c1" : 
					[
						{
							"back" : 
							{
								"enabled" : true,
								"x" : -1,
								"y" : 0
							},
							"frame" : 0,
							"front" : 
							{
								"enabled" : true,
								"x" : 1,
								"y" : 0
							},
							"lockangle" : true,
							"locklength" : true,
							"value" : 0
						},
						{
							"back" : 
							{
								"enabled" : true,
								"x" : -1,
								"y" : 0
							},
							"frame" : 20,
							"front" : 
							{
								"enabled" : true,
								"x" : 1,
								"y" : 0
							},
							"lockangle" : true,
							"locklength" : true,
							"value" : -0.21046999999999993
						},
						{
							"back" : 
							{
								"enabled" : true,
								"x" : -1,
								"y" : 0
							},
							"frame" : 30,
							"front" : 
							{
								"enabled" : true,
								"x" : 1,
								"y" : 0
							},
							"lockangle" : true,
							"locklength" : true,
							"value" : 0
						}
					],
					"c2" : 
					[
						{
							"back" : 
							{
								"enabled" : true,
								"x" : -1,
								"y" : 0
							},
							"frame" : 0,
							"front" : 
							{
								"enabled" : true,
								"x" : 1,
								"y" : 0
							},
							"lockangle" : true,
							"locklength" : true,
							"value" : 0
						},
						{
							"back" : 
							{
								"enabled" : true,
								"x" : -1,
								"y" : 0
							},
							"frame" : 10,
							"front" : 
							{
								"enabled" : true,
								"x" : 1,
								"y" : 0
							},
							"lockangle" : true,
							"locklength" : true,
							"value" : 0
						},
						{
							"back" : 
							{
								"enabled" : true,
								"x" : -1,
								"y" : 0
							},
							"frame" : 30,
							"front" : 
							{
								"enabled" : true,
								"x" : 1,
								"y" : 0
							},
							"lockangle" : true,
							"locklength" : true,
							"value" : 0
						}
					],
					"options" : 
					{
						"fps" : 150,
						"length" : 30,
						"mode" : "single",
						"startpaused" : true
					},
					"relative" : true
				},
				"value" : "1.37209 1.37209 1.37209"
			},
			"size" : "512.00000 512.00000",
			"solid" : true,
			"visible" : 
			{
				"script" : "'use strict';\n\nvar activeDragBone = -1;\nvar dragDelta;\nvar blinkTimer = 5;\nvar blinkSteps = 0;\nvar shouldBounce = false;\n\n/**\n * @param {Boolean} value - for property 'visible'\n * @return {Boolean} - update current property value\n */\nexport function update(value) {\n\tif (activeDragBone >= 0) {\n\t\tif (!shouldBounce) {\n\t\t\tvar releaseDistance = thisLayer.getBoneTransform(activeDragBone).translation().subtract(input.cursorWorldPosition.add(dragDelta));\n\t\t\treleaseDistance.z = 0;\n\t\t\tif (releaseDistance.length() > 20) {\n\t\t\t\tshouldBounce = true;\n\t\t\t\tthisLayer.getTextureAnimation().setFrame(2);\n\t\t\t}\n\t\t}\n\n\t\tthisLayer.setBoneTransform(activeDragBone, thisLayer.getBoneTransform(activeDragBone).translation(input.cursorWorldPosition.add(dragDelta)));\n\t\tblinkTimer = 5;\n\t\tblinkSteps = 0;\n\t} else {\n\t\tblinkTimer -= engine.frametime;\n\t\tif (blinkTimer < 0) {\n\t\t\tswitch (blinkSteps) {\n\t\t\t\tcase 0:\n\t\t\t\t\tthisLayer.getTextureAnimation().setFrame(1);\n\t\t\t\t\tblinkTimer = 0.3;\n\t\t\t\t\tbreak;\n\t\t\t\tcase 1:\n\t\t\t\t\tthisLayer.getTextureAnimation().setFrame(0);\n\t\t\t\t\tblinkTimer = 0.6;\n\t\t\t\t\tbreak;\n\t\t\t\tcase 2:\n\t\t\t\t\tthisLayer.getTextureAnimation().setFrame(1);\n\t\t\t\t\tblinkTimer = 0.3;\n\t\t\t\t\tbreak;\n\t\t\t\tcase 3:\n\t\t\t\t\tthisLayer.getTextureAnimation().setFrame(0);\n\t\t\t\t\tblinkTimer = 5;\n\t\t\t\t\tbreak;\n\t\t\t}\n\n\t\t\t++blinkSteps;\n\t\t}\n\t}\n}\n\n/**\n * @param {ICursorEvent} event\n */\nexport function cursorDown(event) {\n\tvar numBones = thisLayer.getBoneCount();\n\tactiveDragBone = -1;\n\tshouldBounce = false;\n\tvar bestDist = 200;\n\tfor (var b = 0; b < numBones; ++b) {\n\t\tvar bonePos = thisLayer.getBoneTransform(b).translation();\n\t\tvar delta = bonePos.copy().subtract(event.worldPosition);\n\t\tvar len = delta.length();\n\t\tif (len < bestDist) {\n\t\t\tbestDist = len;\n\t\t\tactiveDragBone = b;\n\t\t\tdragDelta = delta;\n\t\t}\n\t}\n\n\tif (activeDragBone >= 0) {\n\t\tthisScene.getLayer('stretchloop').play();\n\t}\n}\n\n/**\n * @param {ICursorEvent} event\n */\nexport function cursorUp(event) {\n\tif (activeDragBone >= 0) {\n\t\tthisLayer.getTextureAnimation().setFrame(0);\n\t\tthisScene.getLayer('stretchloop').stop();\n\n\t\tvar skipBone = activeDragBone;\n\t\tactiveDragBone = -1;\n\n\t\tif (shouldBounce) {\n\t\t\tvar releaseDistance = thisLayer.getBoneTransform(skipBone).translation().subtract(event.worldPosition.add(dragDelta));\n\t\t\treleaseDistance.z = 0;\n\t\t\tthisScene.getLayer('stretchend').play();\n\t\t\tengine.setTimeout(function () {\n\t\t\t\tvar numBones = thisLayer.getBoneCount();\n\t\t\t\tfor (var b = 0; b < numBones; ++b) {\n\t\t\t\t\tif (b != skipBone) {\n\t\t\t\t\t\tvar impactPos = thisLayer.getBoneTransform(skipBone).translation();\n\t\t\t\t\t\tvar impulseScale = Math.max(0, 200 - thisLayer.getBoneTransform(b).translation().subtract(impactPos).length());\n\n\t\t\t\t\t\tthisLayer.applyBonePhysicsImpulse(b, releaseDistance.multiply(impulseScale * 0.2));\n\t\t\t\t\t}\n\t\t\t\t}\n\t\t\t\tthisLayer.getAnimation('scale').play();\n\t\t\t}, 100);\n\t\t}\n\t}\n}\n\n/**\n * @param {Boolean} value - for property 'visible'\n * @return {Boolean} - update current property value\n */\nexport function init(value) {\n\tthisLayer.getTextureAnimation().stop();\n}\n",
				"value" : true
			}
		},
		{
			"angles" : "0.00000 0.00000 0.00000",
			"id" : 42,
			"locktransforms" : false,
			"maxtime" : 5.0,
			"mintime" : 1.0,
			"muteineditor" : false,
			"name" : "stretchend",
			"origin" : "0.00000 0.00000 0.00000",
			"parallaxDepth" : "1.00000 1.00000",
			"playbackmode" : "single",
			"scale" : "1.00000 1.00000 1.00000",
			"sound" : [ "sounds/stretchend.wav" ],
			"startsilent" : true,
			"volume" : 1.0
		},
		{
			"angles" : "0.00000 0.00000 0.00000",
			"id" : 45,
			"locktransforms" : false,
			"maxtime" : 5.0,
			"mintime" : 1.0,
			"muteineditor" : false,
			"name" : "stretchloop",
			"origin" : "0.00000 0.00000 0.00000",
			"parallaxDepth" : "1.00000 1.00000",
			"playbackmode" : "loop",
			"scale" : "1.00000 1.00000 1.00000",
			"sound" : [ "sounds/stretchloop.wav" ],
			"startsilent" : true,
			"volume" : 1.0
		}
	]
}