{
	"materialbasedirectory" : "",
	"puppet" : 
	{
		"bones" : 
		[
			{
				"angles" : "0.00000 -0.00000 0.00000",
				"id" : 37,
				"name" : "",
				"origin" : "-4.60406 -157.19852 0.00000",
				"priority" : 0
			},
			{
				"angles" : "0.00000 -0.00000 0.00000",
				"constraints" : 
				{
					"a" : "1 0 0",
					"gd" : "6.123233995736766e-17 -1 0",
					"ge" : false,
					"la" : false,
					"lamax" : "0 0 3.141592653589793",
					"lamin" : "0 0 -3.141592653589793",
					"lt" : false,
					"ltmax" : 100,
					"m" : 20,
					"r" : false,
					"re" : false,
					"rf" : 10,
					"ri" : 30,
					"rs" : 200,
					"s" : 0,
					"se" : true,
					"t" : true,
					"tf" : 10,
					"ti" : 30,
					"tm" : 200,
					"ts" : 200
				},
				"id" : 38,
				"name" : "",
				"origin" : "0.65784 4.60413 0.00000",
				"parent" : 0,
				"priority" : 0
			}
		],
		"contours" : [],
		"extrusion" : false,
		"extrusionscale" : 0.20000000298023224,
		"extrusionsmoothing" : 5,
		"holes" : true,
		"material" : "materials/jelly_simple.json",
		"padding" : 7,
		"slices" : [],
		"subdivision" : 2,
		"texture" : "materials/jelly_simple",
		"weights" : 
		[
			{
				"indices" : "38 37 37 37",
				"localpos" : "151.33334 162.33334 0.00000",
				"weights" : "0.00000 1.00000 0.00000 0.00000"
			},
			{
				"indices" : "38 37 37 37",
				"localpos" : "143.00000 176.00000 0.00000",
				"weights" : "0.00000 1.00000 0.00000 0.00000"
			},
			{
				"indices" : "38 37 37 37",
				"localpos" : "124.33334 171.66666 0.00000",
				"weights" : "0.00000 1.00000 0.00000 0.00000"
			},
			{
				"indices" : "38 37 37 37",
				"localpos" : "153.00000 168.00000 0.00000",
				"weights" : "0.00000 1.00000 0.00000 0.00000"
			},
			{
				"indices" : "37 37 37 37",
				"localpos" : "227.44446 -54.55556 0.00000",
				"weights" : "1.00000 0.00000 0.00000 0.00000"
			},
			{
				"indices" : "37 37 37 37",
				"localpos" : "202.22220 -31.77779 0.00000",
				"weights" : "1.00000 0.00000 0.00000 0.00000"
			},
			{
				"indices" : "37 37 37 37",
				"localpos" : "196.00000 -53.66667 0.00000",
				"weights" : "1.00000 0.00000 0.00000 0.00000"
			},
			{
				"indices" : "37 37 37 37",
				"localpos" : "244.00000 -28.00000 0.00000",
				"weights" : "1.00000 0.00000 0.00000 0.00000"
			},
			{
				"indices" : "37 37 37 37",
				"localpos" : "226.00000 -129.00000 0.00000",
				"weights" : "1.00000 0.00000 0.00000 0.00000"
			},
			{
				"indices" : "37 37 37 37",
				"localpos" : "252.00000 -104.00000 0.00000",
				"weights" : "1.00000 0.00000 0.00000 0.00000"
			},
			{
				"indices" : "37 37 37 37",
				"localpos" : "245.00000 -107.33333 0.00000",
				"weights" : "1.00000 0.00000 0.00000 0.00000"
			},
			{
				"indices" : "37 37 37 37",
				"localpos" : "183.00000 -151.00000 0.00000",
				"weights" : "1.00000 0.00000 0.00000 0.00000"
			},
			{
				"indices" : "37 37 37 37",
				"localpos" : "197.33334 -132.00000 0.00000",
				"weights" : "1.00000 0.00000 0.00000 0.00000"
			},
			{
				"indices" : "38 37 37 37",
				"localpos" : "99.36044 153.18286 0.00000",
				"weights" : "0.00000 1.00000 0.00000 0.00000"
			},
			{
				"indices" : "38 37 37 37",
				"localpos" : "118.00000 186.00000 0.00000",
				"weights" : "0.00000 1.00000 0.00000 0.00000"
			},
			{
				"indices" : "38 37 37 37",
				"localpos" : "72.00000 196.00000 0.00000",
				"weights" : "0.00000 1.00000 0.00000 0.00000"
			},
			{
				"indices" : "37 37 37 37",
				"localpos" : "122.00000 -169.00000 0.00000",
				"weights" : "1.00000 0.00000 0.00000 0.00000"
			},
			{
				"indices" : "37 37 37 37",
				"localpos" : "148.55554 -141.11111 0.00000",
				"weights" : "1.00000 0.00000 0.00000 0.00000"
			},
			{
				"indices" : "38 37 37 37",
				"localpos" : "-194.00000 162.00000 0.00000",
				"weights" : "0.00000 1.00000 0.00000 0.00000"
			},
			{
				"indices" : "38 37 37 37",
				"localpos" : "-192.33334 129.83334 0.00000",
				"weights" : "0.00000 1.00000 0.00000 0.00000"
			},
			{
				"indices" : "38 37 37 37",
				"localpos" : "-183.00000 155.50000 0.00000",
				"weights" : "0.00000 1.00000 0.00000 0.00000"
			},
			{
				"indices" : "38 37 37 37",
				"localpos" : "-208.00000 123.50000 0.00000",
				"weights" : "0.00000 1.00000 0.00000 0.00000"
			},
			{
				"indices" : "37 37 37 37",
				"localpos" : "78.00000 -177.00000 0.00000",
				"weights" : "1.00000 0.00000 0.00000 0.00000"
			},
			{
				"indices" : "37 37 37 37",
				"localpos" : "113.55554 -149.77777 0.00000",
				"weights" : "1.00000 0.00000 0.00000 0.00000"
			},
			{
				"indices" : "38 37 37 37",
				"localpos" : "-65.66667 72.66666 0.00000",
				"weights" : "0.73544 0.26456 0.00000 0.00000"
			},
			{
				"indices" : "38 37 37 37",
				"localpos" : "-49.01668 45.28665 0.00000",
				"weights" : "0.99996 0.00004 0.00000 0.00000"
			},
			{
				"indices" : "38 37 37 37",
				"localpos" : "-32.42801 45.73199 0.00000",
				"weights" : "1.00000 0.00000 0.00000 0.00000"
			},
			{
				"indices" : "38 37 37 37",
				"localpos" : "-87.77757 47.18298 0.00000",
				"weights" : "0.67275 0.32725 0.00000 0.00000"
			},
			{
				"indices" : "37 37 37 37",
				"localpos" : "18.00000 -183.00000 0.00000",
				"weights" : "1.00000 0.00000 0.00000 0.00000"
			},
			{
				"indices" : "37 37 37 37",
				"localpos" : "39.75598 -153.17801 0.00000",
				"weights" : "1.00000 0.00000 0.00000 0.00000"
			},
			{
				"indices" : "37 37 37 37",
				"localpos" : "-109.61111 -148.11111 0.00000",
				"weights" : "1.00000 0.00000 0.00000 0.00000"
			},
			{
				"indices" : "37 37 37 37",
				"localpos" : "-75.80301 -132.45200 0.00000",
				"weights" : "1.00000 0.00000 0.00000 0.00000"
			},
			{
				"indices" : "37 37 37 37",
				"localpos" : "-101.46533 -107.17932 0.00000",
				"weights" : "1.00000 0.00000 0.00000 0.00000"
			},
			{
				"indices" : "37 37 37 37",
				"localpos" : "-64.00000 -177.00000 0.00000",
				"weights" : "1.00000 0.00000 0.00000 0.00000"
			},
			{
				"indices" : "37 37 37 37",
				"localpos" : "-23.00000 -180.00000 0.00000",
				"weights" : "1.00000 0.00000 0.00000 0.00000"
			},
			{
				"indices" : "37 37 37 37",
				"localpos" : "-1.22220 -139.00000 0.00000",
				"weights" : "1.00000 0.00000 0.00000 0.00000"
			},
			{
				"indices" : "37 37 37 37",
				"localpos" : "-150.76254 -64.22868 0.00000",
				"weights" : "1.00000 0.00000 0.00000 0.00000"
			},
			{
				"indices" : "37 37 37 37",
				"localpos" : "-140.83334 -101.33333 0.00000",
				"weights" : "1.00000 0.00000 0.00000 0.00000"
			},
			{
				"indices" : "37 38 37 37",
				"localpos" : "-96.92921 -66.67310 0.00000",
				"weights" : "0.99038 0.00962 0.00000 0.00000"
			},
			{
				"indices" : "37 37 37 37",
				"localpos" : "-174.33334 -85.00000 0.00000",
				"weights" : "1.00000 0.00000 0.00000 0.00000"
			},
			{
				"indices" : "37 37 37 37",
				"localpos" : "-42.44444 -136.33334 0.00000",
				"weights" : "1.00000 0.00000 0.00000 0.00000"
			},
			{
				"indices" : "37 37 37 37",
				"localpos" : "-235.27777 -36.55556 0.00000",
				"weights" : "1.00000 0.00000 0.00000 0.00000"
			},
			{
				"indices" : "37 37 37 37",
				"localpos" : "-205.13377 -8.73622 0.00000",
				"weights" : "1.00000 0.00000 0.00000 0.00000"
			},
			{
				"indices" : "37 37 37 37",
				"localpos" : "-247.00000 -7.00000 0.00000",
				"weights" : "1.00000 0.00000 0.00000 0.00000"
			},
			{
				"indices" : "37 37 37 37",
				"localpos" : "-201.83333 -44.66667 0.00000",
				"weights" : "1.00000 0.00000 0.00000 0.00000"
			},
			{
				"indices" : "37 37 37 37",
				"localpos" : "-124.00000 -166.00000 0.00000",
				"weights" : "1.00000 0.00000 0.00000 0.00000"
			},
			{
				"indices" : "37 37 37 37",
				"localpos" : "-256.00000 -93.00000 0.00000",
				"weights" : "1.00000 0.00000 0.00000 0.00000"
			},
			{
				"indices" : "37 37 37 37",
				"localpos" : "-244.33333 -110.66667 0.00000",
				"weights" : "1.00000 0.00000 0.00000 0.00000"
			},
			{
				"indices" : "37 37 37 37",
				"localpos" : "-248.00000 -92.33333 0.00000",
				"weights" : "1.00000 0.00000 0.00000 0.00000"
			},
			{
				"indices" : "37 37 37 37",
				"localpos" : "-246.00000 -113.00000 0.00000",
				"weights" : "1.00000 0.00000 0.00000 0.00000"
			},
			{
				"indices" : "37 37 37 37",
				"localpos" : "-170.00000 -154.00000 0.00000",
				"weights" : "1.00000 0.00000 0.00000 0.00000"
			},
			{
				"indices" : "37 37 37 37",
				"localpos" : "-144.94446 -140.44443 0.00000",
				"weights" : "1.00000 0.00000 0.00000 0.00000"
			},
			{
				"indices" : "37 37 37 37",
				"localpos" : "-231.00000 -126.00000 0.00000",
				"weights" : "1.00000 0.00000 0.00000 0.00000"
			},
			{
				"indices" : "37 37 37 37",
				"localpos" : "-219.33333 -112.66667 0.00000",
				"weights" : "1.00000 0.00000 0.00000 0.00000"
			},
			{
				"indices" : "37 37 37 37",
				"localpos" : "-189.88889 -125.22223 0.00000",
				"weights" : "1.00000 0.00000 0.00000 0.00000"
			},
			{
				"indices" : "37 37 37 37",
				"localpos" : "-166.56799 25.45801 0.00000",
				"weights" : "1.00000 0.00000 0.00000 0.00000"
			},
			{
				"indices" : "37 38 37 37",
				"localpos" : "-216.02266 19.15268 0.00000",
				"weights" : "1.00000 0.00000 0.00000 0.00000"
			},
			{
				"indices" : "38 37 37 37",
				"localpos" : "-207.68933 49.81934 0.00000",
				"weights" : "0.00000 1.00000 0.00000 0.00000"
			},
			{
				"indices" : "38 37 37 37",
				"localpos" : "-156.00000 153.33334 0.00000",
				"weights" : "0.00000 1.00000 0.00000 0.00000"
			},
			{
				"indices" : "38 37 37 37",
				"localpos" : "-166.33334 174.66666 0.00000",
				"weights" : "0.00000 1.00000 0.00000 0.00000"
			},
			{
				"indices" : "37 37 37 37",
				"localpos" : "-257.00000 -58.00000 0.00000",
				"weights" : "1.00000 0.00000 0.00000 0.00000"
			},
			{
				"indices" : "38 37 37 37",
				"localpos" : "-158.00000 181.00000 0.00000",
				"weights" : "0.00000 1.00000 0.00000 0.00000"
			},
			{
				"indices" : "38 37 37 37",
				"localpos" : "-147.00000 181.00000 0.00000",
				"weights" : "0.00000 1.00000 0.00000 0.00000"
			},
			{
				"indices" : "37 38 37 37",
				"localpos" : "-234.50000 39.00000 0.00000",
				"weights" : "1.00000 0.00000 0.00000 0.00000"
			},
			{
				"indices" : "38 37 37 37",
				"localpos" : "-185.16666 106.00000 0.00000",
				"weights" : "0.00000 1.00000 0.00000 0.00000"
			},
			{
				"indices" : "38 37 37 37",
				"localpos" : "-222.00000 85.00000 0.00000",
				"weights" : "0.00000 1.00000 0.00000 0.00000"
			},
			{
				"indices" : "38 37 37 37",
				"localpos" : "-185.00000 171.00000 0.00000",
				"weights" : "0.00000 1.00000 0.00000 0.00000"
			},
			{
				"indices" : "38 37 37 37",
				"localpos" : "116.66666 39.66666 0.00000",
				"weights" : "0.00000 1.00000 0.00000 0.00000"
			},
			{
				"indices" : "38 37 37 37",
				"localpos" : "101.74799 91.88199 0.00000",
				"weights" : "0.00000 1.00000 0.00000 0.00000"
			},
			{
				"indices" : "38 37 37 37",
				"localpos" : "86.93082 59.66296 0.00000",
				"weights" : "0.28156 0.71844 0.00000 0.00000"
			},
			{
				"indices" : "38 37 37 37",
				"localpos" : "144.50000 59.81799 0.00000",
				"weights" : "0.00000 1.00000 0.00000 0.00000"
			},
			{
				"indices" : "38 37 37 37",
				"localpos" : "-191.24487 72.15268 0.00000",
				"weights" : "0.00000 1.00000 0.00000 0.00000"
			},
			{
				"indices" : "37 38 37 37",
				"localpos" : "-67.89833 -90.70200 0.00000",
				"weights" : "0.91791 0.08209 0.00000 0.00000"
			},
			{
				"indices" : "37 38 37 37",
				"localpos" : "-20.66667 -95.33333 0.00000",
				"weights" : "0.28466 0.71534 0.00000 0.00000"
			},
			{
				"indices" : "38 37 37 37",
				"localpos" : "-179.00000 171.33334 0.00000",
				"weights" : "0.00000 1.00000 0.00000 0.00000"
			},
			{
				"indices" : "38 37 37 37",
				"localpos" : "-96.55305 141.14063 0.00000",
				"weights" : "0.00000 1.00000 0.00000 0.00000"
			},
			{
				"indices" : "38 37 37 37",
				"localpos" : "-66.03667 128.09265 0.00000",
				"weights" : "0.00000 1.00000 0.00000 0.00000"
			},
			{
				"indices" : "38 37 37 37",
				"localpos" : "-77.17000 168.61801 0.00000",
				"weights" : "0.00000 1.00000 0.00000 0.00000"
			},
			{
				"indices" : "38 37 37 37",
				"localpos" : "-85.41971 100.61530 0.00000",
				"weights" : "0.00000 1.00000 0.00000 0.00000"
			},
			{
				"indices" : "38 37 37 37",
				"localpos" : "-99.00000 194.00000 0.00000",
				"weights" : "0.00000 1.00000 0.00000 0.00000"
			},
			{
				"indices" : "38 37 37 37",
				"localpos" : "-134.00000 176.11111 0.00000",
				"weights" : "0.00000 1.00000 0.00000 0.00000"
			},
			{
				"indices" : "37 37 37 37",
				"localpos" : "59.79599 -151.17401 0.00000",
				"weights" : "1.00000 0.00000 0.00000 0.00000"
			},
			{
				"indices" : "37 37 37 37",
				"localpos" : "87.02798 -133.48801 0.00000",
				"weights" : "1.00000 0.00000 0.00000 0.00000"
			},
			{
				"indices" : "38 37 37 37",
				"localpos" : "-34.00000 201.00000 0.00000",
				"weights" : "0.00000 1.00000 0.00000 0.00000"
			},
			{
				"indices" : "38 37 37 37",
				"localpos" : "-55.46001 170.95599 0.00000",
				"weights" : "0.00000 1.00000 0.00000 0.00000"
			},
			{
				"indices" : "38 37 37 37",
				"localpos" : "36.32999 127.79535 0.00000",
				"weights" : "0.00000 1.00000 0.00000 0.00000"
			},
			{
				"indices" : "38 37 37 37",
				"localpos" : "16.79401 100.71133 0.00000",
				"weights" : "0.52358 0.47642 0.00000 0.00000"
			},
			{
				"indices" : "38 37 37 37",
				"localpos" : "56.92004 103.57114 0.00000",
				"weights" : "0.00751 0.99249 0.00000 0.00000"
			},
			{
				"indices" : "38 37 37 37",
				"localpos" : "8.77798 144.02002 0.00000",
				"weights" : "0.00000 1.00000 0.00000 0.00000"
			},
			{
				"indices" : "38 37 37 37",
				"localpos" : "9.00000 201.00000 0.00000",
				"weights" : "0.00000 1.00000 0.00000 0.00000"
			},
			{
				"indices" : "38 37 37 37",
				"localpos" : "-13.66667 158.66666 0.00000",
				"weights" : "0.00000 1.00000 0.00000 0.00000"
			},
			{
				"indices" : "38 37 37 37",
				"localpos" : "125.91602 135.51620 0.00000",
				"weights" : "0.00000 1.00000 0.00000 0.00000"
			},
			{
				"indices" : "38 37 37 37",
				"localpos" : "151.66666 143.00000 0.00000",
				"weights" : "0.00000 1.00000 0.00000 0.00000"
			},
			{
				"indices" : "38 37 37 37",
				"localpos" : "28.31400 171.10400 0.00000",
				"weights" : "0.00000 1.00000 0.00000 0.00000"
			},
			{
				"indices" : "38 37 37 37",
				"localpos" : "175.83334 97.60599 0.00000",
				"weights" : "0.00000 1.00000 0.00000 0.00000"
			},
			{
				"indices" : "37 37 37 37",
				"localpos" : "188.83334 65.27267 0.00000",
				"weights" : "1.00000 0.00000 0.00000 0.00000"
			},
			{
				"indices" : "38 37 37 37",
				"localpos" : "200.00000 100.00000 0.00000",
				"weights" : "0.00000 1.00000 0.00000 0.00000"
			},
			{
				"indices" : "38 37 37 37",
				"localpos" : "171.00000 152.00000 0.00000",
				"weights" : "0.00000 1.00000 0.00000 0.00000"
			},
			{
				"indices" : "38 37 37 37",
				"localpos" : "166.00000 165.00000 0.00000",
				"weights" : "0.00000 1.00000 0.00000 0.00000"
			},
			{
				"indices" : "38 37 37 37",
				"localpos" : "87.60016 18.05258 0.00000",
				"weights" : "0.88743 0.11257 0.00000 0.00000"
			},
			{
				"indices" : "38 37 37 37",
				"localpos" : "53.81293 20.26593 0.00000",
				"weights" : "1.00000 0.00000 0.00000 0.00000"
			},
			{
				"indices" : "37 38 37 37",
				"localpos" : "77.44409 -14.48120 0.00000",
				"weights" : "0.01107 0.98893 0.00000 0.00000"
			},
			{
				"indices" : "38 37 37 37",
				"localpos" : "63.96899 52.79974 0.00000",
				"weights" : "0.97455 0.02545 0.00000 0.00000"
			},
			{
				"indices" : "38 37 37 37",
				"localpos" : "177.00000 155.00000 0.00000",
				"weights" : "0.00000 1.00000 0.00000 0.00000"
			},
			{
				"indices" : "38 37 37 37",
				"localpos" : "183.00000 133.00000 0.00000",
				"weights" : "0.00000 1.00000 0.00000 0.00000"
			},
			{
				"indices" : "37 37 37 37",
				"localpos" : "177.72220 27.38376 0.00000",
				"weights" : "1.00000 0.00000 0.00000 0.00000"
			},
			{
				"indices" : "37 37 37 37",
				"localpos" : "222.00000 36.00000 0.00000",
				"weights" : "1.00000 0.00000 0.00000 0.00000"
			},
			{
				"indices" : "37 37 37 37",
				"localpos" : "210.88889 -1.88889 0.00000",
				"weights" : "1.00000 0.00000 0.00000 0.00000"
			},
			{
				"indices" : "37 37 37 37",
				"localpos" : "173.22220 -91.00000 0.00000",
				"weights" : "1.00000 0.00000 0.00000 0.00000"
			},
			{
				"indices" : "37 37 37 37",
				"localpos" : "198.88889 -90.77779 0.00000",
				"weights" : "1.00000 0.00000 0.00000 0.00000"
			},
			{
				"indices" : "37 37 37 37",
				"localpos" : "167.77774 -56.88890 0.00000",
				"weights" : "1.00000 0.00000 0.00000 0.00000"
			},
			{
				"indices" : "37 37 37 37",
				"localpos" : "217.66666 -102.66667 0.00000",
				"weights" : "1.00000 0.00000 0.00000 0.00000"
			},
			{
				"indices" : "37 37 37 37",
				"localpos" : "183.00000 -116.00000 0.00000",
				"weights" : "1.00000 0.00000 0.00000 0.00000"
			},
			{
				"indices" : "37 37 37 37",
				"localpos" : "242.33334 -82.00000 0.00000",
				"weights" : "1.00000 0.00000 0.00000 0.00000"
			},
			{
				"indices" : "37 37 37 37",
				"localpos" : "257.00000 -89.00000 0.00000",
				"weights" : "1.00000 0.00000 0.00000 0.00000"
			},
			{
				"indices" : "37 37 37 37",
				"localpos" : "168.88889 -123.44444 0.00000",
				"weights" : "1.00000 0.00000 0.00000 0.00000"
			},
			{
				"indices" : "37 37 37 37",
				"localpos" : "52.44800 -110.31467 0.00000",
				"weights" : "1.00000 0.00000 0.00000 0.00000"
			},
			{
				"indices" : "37 37 37 37",
				"localpos" : "79.67999 -92.62868 0.00000",
				"weights" : "1.00000 0.00000 0.00000 0.00000"
			},
			{
				"indices" : "37 37 37 37",
				"localpos" : "218.66666 -79.44446 0.00000",
				"weights" : "1.00000 0.00000 0.00000 0.00000"
			},
			{
				"indices" : "37 37 37 37",
				"localpos" : "22.73599 -125.87201 0.00000",
				"weights" : "1.00000 0.00000 0.00000 0.00000"
			},
			{
				"indices" : "37 37 37 37",
				"localpos" : "140.66666 -103.33333 0.00000",
				"weights" : "1.00000 0.00000 0.00000 0.00000"
			},
			{
				"indices" : "37 37 37 37",
				"localpos" : "100.13956 -63.56667 0.00000",
				"weights" : "1.00000 0.00000 0.00000 0.00000"
			},
			{
				"indices" : "37 37 37 37",
				"localpos" : "107.95865 -108.88333 0.00000",
				"weights" : "1.00000 0.00000 0.00000 0.00000"
			},
			{
				"indices" : "37 37 37 37",
				"localpos" : "137.02844 -49.90001 0.00000",
				"weights" : "1.00000 0.00000 0.00000 0.00000"
			},
			{
				"indices" : "38 37 37 37",
				"localpos" : "-16.00000 74.00000 0.00000",
				"weights" : "0.99813 0.00187 0.00000 0.00000"
			},
			{
				"indices" : "38 37 37 37",
				"localpos" : "0.42798 101.60202 0.00000",
				"weights" : "0.55813 0.44187 0.00000 0.00000"
			},
			{
				"indices" : "38 37 37 37",
				"localpos" : "33.00000 71.33334 0.00000",
				"weights" : "0.99355 0.00645 0.00000 0.00000"
			},
			{
				"indices" : "38 37 37 37",
				"localpos" : "49.35599 169.43399 0.00000",
				"weights" : "0.00000 1.00000 0.00000 0.00000"
			},
			{
				"indices" : "38 37 37 37",
				"localpos" : "69.94604 145.20981 0.00000",
				"weights" : "0.00000 1.00000 0.00000 0.00000"
			},
			{
				"indices" : "37 38 37 37",
				"localpos" : "61.49493 -21.81807 0.00000",
				"weights" : "0.00009 0.99991 0.00000 0.00000"
			},
			{
				"indices" : "37 38 37 37",
				"localpos" : "103.75198 -32.70001 0.00000",
				"weights" : "0.90677 0.09323 0.00000 0.00000"
			},
			{
				"indices" : "37 38 37 37",
				"localpos" : "56.00000 -54.66667 0.00000",
				"weights" : "0.00853 0.99147 0.00000 0.00000"
			},
			{
				"indices" : "38 37 37 37",
				"localpos" : "79.88187 110.43439 0.00000",
				"weights" : "0.00000 1.00000 0.00000 0.00000"
			},
			{
				"indices" : "38 37 37 37",
				"localpos" : "-116.60704 159.04865 0.00000",
				"weights" : "0.00000 1.00000 0.00000 0.00000"
			},
			{
				"indices" : "38 37 37 37",
				"localpos" : "-154.15921 112.18713 0.00000",
				"weights" : "0.00000 1.00000 0.00000 0.00000"
			},
			{
				"indices" : "38 37 37 37",
				"localpos" : "-135.64503 145.46597 0.00000",
				"weights" : "0.00000 1.00000 0.00000 0.00000"
			},
			{
				"indices" : "38 37 37 37",
				"localpos" : "-157.68188 69.56201 0.00000",
				"weights" : "0.00000 1.00000 0.00000 0.00000"
			},
			{
				"indices" : "38 37 37 37",
				"localpos" : "-121.31100 77.22800 0.00000",
				"weights" : "0.00000 1.00000 0.00000 0.00000"
			},
			{
				"indices" : "38 37 37 37",
				"localpos" : "-128.76288 38.22614 0.00000",
				"weights" : "0.00000 1.00000 0.00000 0.00000"
			},
			{
				"indices" : "37 37 37 37",
				"localpos" : "-227.83333 -58.55556 0.00000",
				"weights" : "1.00000 0.00000 0.00000 0.00000"
			},
			{
				"indices" : "37 37 37 37",
				"localpos" : "-224.66667 -73.00000 0.00000",
				"weights" : "1.00000 0.00000 0.00000 0.00000"
			},
			{
				"indices" : "37 37 37 37",
				"localpos" : "-173.53329 -29.54729 0.00000",
				"weights" : "1.00000 0.00000 0.00000 0.00000"
			},
			{
				"indices" : "37 37 37 37",
				"localpos" : "-142.73438 -30.22174 0.00000",
				"weights" : "1.00000 0.00000 0.00000 0.00000"
			},
			{
				"indices" : "37 38 37 37",
				"localpos" : "20.49933 -26.32401 0.00000",
				"weights" : "0.00000 1.00000 0.00000 0.00000"
			},
			{
				"indices" : "37 38 37 37",
				"localpos" : "-18.33331 -10.66667 0.00000",
				"weights" : "0.00000 1.00000 0.00000 0.00000"
			},
			{
				"indices" : "37 38 37 37",
				"localpos" : "1.33334 -54.00000 0.00000",
				"weights" : "0.00000 1.00000 0.00000 0.00000"
			},
			{
				"indices" : "38 37 37 37",
				"localpos" : "4.51535 2.24002 0.00000",
				"weights" : "1.00000 0.00000 0.00000 0.00000"
			},
			{
				"indices" : "37 37 37 37",
				"localpos" : "-163.72223 -121.44444 0.00000",
				"weights" : "1.00000 0.00000 0.00000 0.00000"
			},
			{
				"indices" : "37 38 37 37",
				"localpos" : "-109.62100 -46.68600 0.00000",
				"weights" : "0.99869 0.00131 0.00000 0.00000"
			},
			{
				"indices" : "37 38 37 37",
				"localpos" : "-84.48126 -21.36942 0.00000",
				"weights" : "0.03858 0.96142 0.00000 0.00000"
			},
			{
				"indices" : "37 37 37 37",
				"localpos" : "-124.85841 -3.16113 0.00000",
				"weights" : "1.00000 0.00000 0.00000 0.00000"
			},
			{
				"indices" : "37 38 37 37",
				"localpos" : "-102.45833 7.31918 0.00000",
				"weights" : "0.46457 0.53543 0.00000 0.00000"
			},
			{
				"indices" : "37 38 37 37",
				"localpos" : "17.16934 -82.78601 0.00000",
				"weights" : "0.03261 0.96739 0.00000 0.00000"
			},
			{
				"indices" : "37 38 37 37",
				"localpos" : "35.42801 -83.00867 0.00000",
				"weights" : "0.11115 0.88885 0.00000 0.00000"
			},
			{
				"indices" : "37 37 37 37",
				"localpos" : "-208.11111 -98.22223 0.00000",
				"weights" : "1.00000 0.00000 0.00000 0.00000"
			},
			{
				"indices" : "37 37 37 37",
				"localpos" : "-202.27779 -75.55556 0.00000",
				"weights" : "1.00000 0.00000 0.00000 0.00000"
			},
			{
				"indices" : "37 37 37 37",
				"localpos" : "-180.33334 -109.00000 0.00000",
				"weights" : "1.00000 0.00000 0.00000 0.00000"
			},
			{
				"indices" : "37 38 37 37",
				"localpos" : "-61.33919 -23.14429 0.00000",
				"weights" : "0.00002 0.99998 0.00000 0.00000"
			},
			{
				"indices" : "37 38 37 37",
				"localpos" : "-40.33333 -52.00000 0.00000",
				"weights" : "0.00003 0.99997 0.00000 0.00000"
			},
			{
				"indices" : "37 38 37 37",
				"localpos" : "-143.87871 20.93497 0.00000",
				"weights" : "1.00000 0.00000 0.00000 0.00000"
			},
			{
				"indices" : "37 37 37 37",
				"localpos" : "-161.75467 -6.12564 0.00000",
				"weights" : "1.00000 0.00000 0.00000 0.00000"
			},
			{
				"indices" : "38 37 37 37",
				"localpos" : "-124.05891 120.04678 0.00000",
				"weights" : "0.00000 1.00000 0.00000 0.00000"
			},
			{
				"indices" : "38 37 37 37",
				"localpos" : "-40.55533 3.64798 0.00000",
				"weights" : "1.00000 0.00000 0.00000 0.00000"
			},
			{
				"indices" : "38 37 37 37",
				"localpos" : "-69.80052 18.49438 0.00000",
				"weights" : "0.99959 0.00041 0.00000 0.00000"
			},
			{
				"indices" : "38 37 37 37",
				"localpos" : "-37.03400 144.31601 0.00000",
				"weights" : "0.00000 1.00000 0.00000 0.00000"
			},
			{
				"indices" : "38 37 37 37",
				"localpos" : "-47.61067 101.45267 0.00000",
				"weights" : "0.11675 0.88325 0.00000 0.00000"
			},
			{
				"indices" : "38 37 37 37",
				"localpos" : "15.09201 44.10135 0.00000",
				"weights" : "1.00000 0.00000 0.00000 0.00000"
			},
			{
				"indices" : "38 37 37 37",
				"localpos" : "132.63818 98.23331 0.00000",
				"weights" : "0.00000 1.00000 0.00000 0.00000"
			},
			{
				"indices" : "38 37 37 37",
				"localpos" : "159.72220 111.93933 0.00000",
				"weights" : "0.00000 1.00000 0.00000 0.00000"
			},
			{
				"indices" : "37 37 37 37",
				"localpos" : "166.66666 -13.66667 0.00000",
				"weights" : "1.00000 0.00000 0.00000 0.00000"
			},
			{
				"indices" : "37 37 37 37",
				"localpos" : "138.30618 4.48376 0.00000",
				"weights" : "1.00000 0.00000 0.00000 0.00000"
			},
			{
				"indices" : "38 37 37 37",
				"localpos" : "-106.36278 48.70645 0.00000",
				"weights" : "0.00313 0.99687 0.00000 0.00000"
			},
			{
				"indices" : "38 37 37 37",
				"localpos" : "-1.27399 44.99200 0.00000",
				"weights" : "1.00000 0.00000 0.00000 0.00000"
			},
			{
				"indices" : "37 38 37 37",
				"localpos" : "38.75800 -26.54666 0.00000",
				"weights" : "0.00000 1.00000 0.00000 0.00000"
			},
			{
				"indices" : "38 37 37 37",
				"localpos" : "31.07599 15.53735 0.00000",
				"weights" : "1.00000 0.00000 0.00000 0.00000"
			},
			{
				"indices" : "38 37 37 37",
				"localpos" : "-31.02200 101.89801 0.00000",
				"weights" : "0.33979 0.66021 0.00000 0.00000"
			},
			{
				"indices" : "38 37 37 37",
				"localpos" : "-104.00493 102.13876 0.00000",
				"weights" : "0.00000 1.00000 0.00000 0.00000"
			}
		]
	},
	"skinning" : true,
	"version" : "PUED0001"
}